,00h_area_mean,00h_area_std,00h_axis_major_length_mean,00h_axis_major_length_std,00h_euler_number_mean,00h_euler_number_std,00h_extent_mean,00h_extent_std,00h_inertia_tensor_eigvals-0_mean,00h_inertia_tensor_eigvals-0_std,00h_inertia_tensor_eigvals-1_mean,00h_inertia_tensor_eigvals-1_std,00h_inertia_tensor_eigvals-2_mean,00h_inertia_tensor_eigvals-2_std,00h_solidity_mean,00h_solidity_std,12h_area_mean,12h_area_std,12h_axis_major_length_mean,12h_axis_major_length_std,12h_euler_number_mean,12h_euler_number_std,12h_extent_mean,12h_extent_std,12h_inertia_tensor_eigvals-0_mean,12h_inertia_tensor_eigvals-0_std,12h_inertia_tensor_eigvals-1_mean,12h_inertia_tensor_eigvals-1_std,12h_inertia_tensor_eigvals-2_mean,12h_inertia_tensor_eigvals-2_std,12h_solidity_mean,12h_solidity_std,24h_area_mean,24h_area_std,24h_axis_major_length_mean,24h_axis_major_length_std,24h_euler_number_mean,24h_euler_number_std,24h_extent_mean,24h_extent_std,24h_inertia_tensor_eigvals-0_mean,24h_inertia_tensor_eigvals-0_std,24h_inertia_tensor_eigvals-1_mean,24h_inertia_tensor_eigvals-1_std,24h_inertia_tensor_eigvals-2_mean,24h_inertia_tensor_eigvals-2_std,24h_solidity_mean,24h_solidity_std,36h_area_mean,36h_area_std,36h_axis_major_length_mean,36h_axis_major_length_std,36h_euler_number_mean,36h_euler_number_std,36h_extent_mean,36h_extent_std,36h_inertia_tensor_eigvals-0_mean,36h_inertia_tensor_eigvals-0_std,36h_inertia_tensor_eigvals-1_mean,36h_inertia_tensor_eigvals-1_std,36h_inertia_tensor_eigvals-2_mean,36h_inertia_tensor_eigvals-2_std,36h_solidity_mean,36h_solidity_std
0,8.881784197001253e-18,0.9999999999999998,-1.3322676295501878e-17,1.0,-2.6645352591003756e-17,1.0000000000000002,-4.218847493575595e-17,1.0,-1.4432899320127036e-17,1.0,9.436895709313831e-18,1.0,-5.551115123125783e-19,0.9999999999999999,-1.7319479184152443e-16,0.9999999999999998,0.1613522811847289,1.8789054987555642,0.12386791619345518,1.6415315272636333,-1.8600477310591732,12.307035586708631,-0.05599762047342746,0.8970934059245943,0.19301335528769364,2.0232081192202327,0.2922316645563641,2.6441162887736644,0.06296697039250684,1.1997008789091579,0.30613152684608574,1.2023312589807222,1.775799290220058,1.864144337035158,3.3546504241944417,2.6891831413264033,-0.8728715609439697,1.091089451179962,-0.7959491787693935,0.1550699001140305,2.502336754196114,2.5034015970346446,3.4160039295942886,3.3658625752843516,1.2986281566833848,1.3628947319290026,0.9594914353910324,0.06139465605983535,-0.03193688671235578,0.46386233059168464,0.12422368901155115,1.539143362519482,-0.47089123682503636,2.4579298887108707,0.0806027286966099,0.9504838942083341,0.1186617852890902,1.2139198588564306,0.24133027217592518,1.78896423642301,-0.041117795438864346,0.45706859225681495,-0.10577852502955129,0.8966625675339843
1,-1.6816613461233988e-17,0.9999999999999998,2.416367759478282e-17,0.9999999999999999,-3.657205257588751e-17,0.9999999999999999,2.3379990753870944e-16,1.0,-9.894046366512425e-17,1.0,2.3837141411069536e-17,1.0000000000000002,1.5347200634524224e-17,1.0000000000000002,-6.373986306083252e-16,0.9999999999999997,0.04421584001680931,1.1813371625276716,0.02267320812889526,1.2501579178760023,0.03992666020293417,0.6644255198802113,0.0797328159158499,0.8154099716638745,0.05632845494339102,1.3033851883857213,0.06555557806267764,1.3658701406598823,0.00820519720734158,0.9750759945242619,0.28993237628889434,1.310744595398422,-0.002057404359410042,0.4308143931926415,0.12315461580086096,1.0556296763625876,0.03065705480556276,0.46285984952287795,0.15539836058952095,1.41039444684764,0.048412884637004085,0.5747326022231345,0.027245529785095885,0.4880735677896723,0.15899358780789782,1.0413289183313303,-0.2702696527170398,0.8485158478371658,-0.0683761503885055,0.28172063139513176,-0.11799947428629023,0.6116059018329273,0.09857357539676147,0.1691787597507618,0.20802484588805958,1.0630694116419912,-0.06693933841100386,0.34900356190247567,-0.08080374182308565,0.2618140820647989,0.0054625948785972855,0.8058692831386154,-0.029682508904471622,0.9587738919106652
2,-2.874684617332995e-17,1.0000000000000002,-4.520193743116709e-17,1.0000000000000002,-1.6256837146296936e-17,1.0000000000000004,3.69545663910945e-16,1.0,-5.5114643008177415e-17,1.0000000000000002,3.8064789415719653e-17,1.0,-3.865955175034027e-17,0.9999999999999998,-5.83660104374368e-16,0.9999999999999998,-0.015512139287683408,0.5522880127627088,0.3715612975944312,1.5354728369765211,0.0697962307214399,0.3052338478336799,-0.6673082110766084,1.36566520491668,0.07672885412931126,0.7997164464246652,0.20177839753634616,1.2959098114475067,-0.09069224101589,0.14214455162365697,0.1378977269276261,1.0157616817409256,-0.11746846771841259,0.04839082992537601,-0.16912727204180258,0.3636303158263392,0.11210421989162779,0.10358969820050588,0.39215700746795,1.5943033958800839,-0.11403239767618893,0.1038259772237156,-0.10987487793703117,0.15266526307436212,-0.11954513883824253,0.03997987075991658,-0.17990687441918943,0.8508203045496301,-0.11374459441944114,0.052189096766986354,-0.09513394851634525,0.47202377751493885,0.11650601589655739,0.033404132905660085,0.4123713265433832,1.5005887533321507,-0.10417314825909225,0.10537587619653455,-0.0957015403079196,0.1629381226026524,-0.11558410030615532,0.03214621620713058,-0.5051470724695194,0.2902887870541238
3,2.7755575615628914e-17,1.0,0.0,1.0,5.551115123125783e-17,1.0,-8.326672684688674e-17,0.9999999999999999,5.551115123125783e-17,1.0,1.3877787807814457e-17,1.0,2.7755575615628914e-17,0.9999999999999999,-1.6653345369377348e-16,1.0,-0.2094334512878824,0.828858256952883,-0.4082109333874567,0.5499421876430484,0.13866743502218815,1.034301370270618,-0.7614182027532337,0.6524078889278584,-0.35845183324327085,0.5286490816237263,-0.39435754142971063,0.4995159878432812,-0.22129791635811893,0.6323735345094166,-0.4642798681128427,0.7486953669950825,-0.22287234687686827,0.47014838809374887,-0.2937740552926883,0.5212908498733765,0.17747322672421487,0.4660361405097977,-0.11875759082597886,1.0256916487480792,-0.34545364404795026,0.32905889968025087,-0.3779567869173947,0.30954117775068385,-0.21781227637090528,0.3535816991025977,-0.21100160869830245,0.8829631769993421,-0.26169304010659444,0.3428059664401347,-0.4192643866200402,0.6034044755788947,0.038840941875669915,1.0121072417037162,0.7058116903011846,0.950890353969543,-0.34256336673766685,0.4502850205901177,-0.37419577437799323,0.4567973607393229,-0.2189162661685662,0.38859239644159216,-0.8971263059216127,0.23199351911479335
4,0.0,0.0,0.0,0.0,0.0,0.0,0.0,0.0,0.0,0.0,0.0,0.0,0.0,0.0,0.0,0.0,68248.0,0.0,2.2821496086424418,0.0,0.0,0.0,0.12638518518518516,0.0,286.2812714979409,0.0,88.74709530490236,0.0,198.77562101350668,0.0,0.0803624341099779,0.0,-469869.6666666667,6113.529563371901,-368.871090042991,25.801785223870805,-0.08333333333333333,0.2763853991962833,-0.21442599534166176,0.2643829490025579,-14632.458287489513,241.54765740883997,-7367.600348924872,132.46550297769622,-7269.110722801423,110.21404351564004,-0.3527712164218521,0.12491402218558245,-471253.14285714284,3464.735273481384,-376.87464515115204,14.113415496624564,-0.03571428571428571,0.26486423168198797,-0.06587772319114736,0.22464157000186455,-14690.433247285093,137.1115638384132,-7400.747440194383,73.94301281830974,-7294.143913656565,63.682280685820054,-0.3851713013843545,0.0881977400953601
5,-1.8200377452871417e-17,1.0,6.188128333976282e-17,0.9999999999999999,1.001020759907928e-17,0.9999999999999998,-6.15172757907054e-16,1.0,2.320548125241106e-17,1.0,-4.6865971941143906e-17,0.9999999999999999,-7.553156642941639e-17,0.9999999999999997,3.4580717160455694e-16,0.9999999999999999,-0.0564728083149756,0.9622662186511648,-0.11071476737590824,0.845183996130849,0.018602216767385587,1.0172286803041803,0.1649655079631145,1.0197987440304788,-0.07168787550340873,0.9164452745036392,-0.06251210365220343,0.9666962394994769,-0.09507900318929344,0.7761680110479589,-0.0787741540988885,0.9383526850152349,0.09253360425301885,0.8939900854165379,0.025135643180619994,1.1071530756886796,0.0547284810038023,0.34013782899405154,0.2152617895103581,0.8664214431867966,0.07849652352764233,0.9255881997185249,0.040947646432041164,0.8047716842177672,0.17647690588903184,1.2378937582289777,-0.19855975484951813,0.7444569430202334,-0.04620743497236934,0.43704042184254543,0.23700439647780008,1.4178923685684532,-0.16269075760584079,1.167809635103316,0.49297708418209946,0.8506718908176565,0.16289814568607378,0.9284901465680163,0.21185726163107926,1.0284952897376585,0.02984211671432004,0.8523483698739729,-0.3117922160655299,0.7388833820525339
6,-2.064744039699224e-17,1.0000000000000002,1.6788738421160904e-16,1.0,-1.225307118641179e-16,1.0000000000000002,-1.8955027249697794e-16,1.0,1.590868358456779e-17,0.9999999999999997,2.3693784062122243e-17,1.0,-3.384826294588892e-17,1.0,-1.0560658039117342e-16,1.0,0.057518372624550854,0.7756386926799912,-0.001745912420957473,1.2477616688516333,-0.1505846504842086,1.380541810888021,0.28080135273400275,0.8393109971066791,0.08330666118651592,0.9867162317001086,0.06526013685350736,0.9199043645678959,0.14583051983479528,1.220224972798856,-0.046554290819951646,0.9515532517033167,-0.0165843780271696,0.47348099481778955,0.08618517561239239,1.09939598967853,-0.5441752806873088,2.7919623599619756,0.23917158434008265,1.0299416191388229,0.04905897256429096,0.8363975568708292,0.036670139955246775,0.7706075623988061,0.09319726227932228,1.075138945014339,-0.21386408691886877,0.8570867206761114,-0.069121734477239,0.3714004376346714,-0.1502055299722745,0.8652292687835496,-0.07107139185731977,1.6016219794332156,0.2641046195899435,0.9524018917782738,-0.04561381882265741,0.6745677693979572,-0.04653670885828373,0.6740350696887265,-0.04372971545893991,0.675645952515267,-0.32266167696924275,0.8219237080182379
7,6.221077293158205e-18,1.0,6.252980253635939e-17,0.9999999999999999,-5.742532885992189e-18,1.0000000000000002,-3.777310520563751e-16,0.9999999999999997,4.4664144668828136e-18,0.9999999999999999,-4.7216381507046885e-17,1.0,-4.466414466882814e-17,0.9999999999999997,-4.491936835265002e-16,1.0000000000000002,0.03951716681776096,0.7773574155690258,0.015123973596280189,1.1893418626682322,0.06573413566807422,0.8328451169595805,0.06574444823833572,0.8798499353838127,0.05907134507779162,0.980102961418178,0.05012412363973971,0.9271281003829445,0.0888542996115508,1.1596095958399542,-0.030244717177231147,0.9078301460327681,-0.07183098153935175,0.35489133170285453,-0.13960078740255566,0.9081195525413637,0.06825790874976989,1.1188800068941396,0.5298287237512138,1.2390699591492829,-0.041047049474084114,0.7733010693612977,-0.0360301360361786,0.8031054147867068,-0.059335933732234954,0.6734697922943412,-0.5045635653064494,0.46296408980553205,-0.07577767771813183,0.3576458657051078,-0.19113785670918768,0.9410964861798354,0.030509861904192297,1.549770532083286,0.6860364306805515,1.0206346495235366,-0.04383101468182882,0.8050708689632816,-0.033579425543434516,0.865990166124567,-0.08096169770742523,0.5961152242341281,-0.5228298555920833,0.49862022976010795
8,1.885284381438945e-17,0.9999999999999998,9.845373991958936e-17,1.0,1.9900224026299974e-17,1.0,-8.043880027472832e-16,0.9999999999999999,-4.1895208476421e-18,0.9999999999999999,1.0473802119105251e-17,0.9999999999999997,-2.4089744873942077e-17,0.9999999999999999,4.3361540773095734e-16,0.9999999999999999,-0.14465848374281579,0.3029026114618433,-0.19992624085126579,0.4416931574720259,0.17230326108333574,0.05773244675506492,0.06991039077122636,0.8939714119694384,-0.15145829079155287,0.21901282285247448,-0.15076648074062682,0.19413628183582401,-0.15188346260275695,0.4122400388582938,0.12611261208657018,1.2072879924412787,0.10319125107913359,0.5134832695903261,0.27767588893676975,0.6886844512562542,0.15809212999491867,0.0673268739783694,-0.6922223715147575,0.6928386213443923,0.015675900559223382,0.3441849294586436,-0.03728989052719722,0.24793967061541294,0.4325858444683066,1.0897468394871903,0.9586918483656885,1.0679142484522284,-0.15138742565199628,0.22157375077152827,-0.166210650884676,0.4311365428760296,0.05059179966479618,0.5181669309476935,-0.018197800911955518,1.337948806281262,-0.1488990578008509,0.19021900640721154,-0.14999423560876873,0.15220227472207273,-0.13609805387714022,0.4939664553737814,-0.40844177405635035,0.7258901170436637
9,-3.828355257328126e-18,1.0,1.4356332214980473e-16,1.0,-5.072570715959767e-17,0.9999999999999998,2.6798486801296883e-17,0.9999999999999999,-1.4356332214980473e-17,1.0,5.4554062416925794e-17,1.0,5.742532885992189e-18,0.9999999999999999,3.4455197315953135e-17,1.0,30.398852509841774,0.0,11.094085144686874,0.0,0.17349608695042415,0.0,1.5698766540796116,0.0,26.297487683770395,0.0,21.334958432582088,0.0,33.75840658690916,0.0,2.1144479667448035,0.0,0.5904986771106125,2.425619212871677,0.532534268579602,2.253774028990162,-0.44439348587301636,1.7543303394775178,0.35708412230785425,0.7550035861655799,0.6067857906367826,2.4465572121683854,0.785859423470344,3.000662248327648,0.3170594431818548,1.5491610225523378,0.13203650782350054,1.011571717308788,-0.12066167212407337,0.27671404591115156,-0.25037944811008195,0.540001877419947,0.026878222212658648,1.1832179542870325,0.43741243617122566,1.2878495854604983,-0.13864743817369418,0.3505077238261207,-0.1459315642243291,0.40966505436979517,-0.1260035456128165,0.25712841897772426,-0.5002053069018828,0.702964630334931
10,-1.4945309946877107e-17,1.0,-7.600757630126072e-17,0.9999999999999999,3.5014726161254936e-17,1.0,-1.887379141862766e-16,1.0,-6.4051328343759035e-18,1.0,2.5620531337503614e-17,1.0,4.056584128438072e-17,1.0,-1.503071171800212e-16,1.0,0.02546260465448973,0.9629110240292554,0.004670622851429093,1.1553415800837155,-0.18491507000353158,1.8493661754124762,-0.13126459329066584,0.8257821891235056,0.04331908642872512,1.1740579097316737,0.05135653766265257,1.2960114353136432,0.019064318382659786,0.8147406427346993,0.4256308587274864,1.1968216289804423,0.07684193950885929,0.5389079085158822,0.44548215170459265,1.2157520009785674,0.11749196340879337,0.18203192391751274,-0.6633917820478263,0.9499903537879655,0.20757474559014988,0.7790153291037982,0.15989628904283815,0.6682998860044738,0.3454095851538262,1.1046881182095727,-0.21640197336353761,0.7242196925061594,-0.0753335128356556,0.35877352471867086,-0.049059264629677794,0.9632490144166517,0.13387329678839777,0.26340858075702417,-0.22935957678419694,0.7638942669653668,-0.008922150554657797,0.8831013083563978,-0.017066028480635435,0.887881506601557,0.014219140134594046,0.8595886257018388,-0.23545205145542558,0.5580889380955595
11,2.2325136908223257e-17,0.9999999999999999,-1.3274405729213829e-17,1.0,-1.568793404361634e-17,1.0,1.8342815189459108e-16,0.9999999999999998,-2.8358957694229545e-17,1.0000000000000002,-1.206764157201257e-17,0.9999999999999998,-1.1524597701272006e-16,0.9999999999999999,1.7860109526578606e-16,1.0000000000000004,0.9991336411484448,4.233435709003439,0.2871183515465746,2.231588819739456,-0.6481598330842252,3.120487128956238,-0.3104546424644439,0.8088619378295523,1.2574154750610638,5.271485311999536,0.763474237417659,3.506813094083806,3.215116963826671,12.26362487738219,-0.6525570568466872,0.17008630227624608,24.800360033637382,0.0,7.941864314655481,0.0,0.21730757829093778,0.0,0.8624514893469845,0.0,19.37153346837132,0.0,12.225877325192563,0.0,47.715021565926506,0.0,1.8986935537340925,0.0,27.630817698058625,0.0,7.830176763513457,0.0,0.21730757829093778,0.0,1.308355215847659,0.0,19.209699321371886,0.0,11.897544504916608,0.0,48.227154180532196,0.0,2.5528790489492663,0.0
12,-9.942295742911849e-18,1.0,7.705279200756684e-17,1.0,2.7341313293007585e-17,1.0000000000000002,1.2345017214115546e-16,0.9999999999999999,-8.368098916950806e-17,1.0,-2.1541640776309008e-17,0.9999999999999999,-2.4855739357279625e-17,1.0000000000000002,-1.8227542195338392e-16,0.9999999999999998,-0.056690126036376735,0.9257905850662552,-0.14788447969263238,0.7683807317458903,-0.06715727893568016,1.5257419301087145,-0.26725343971884796,0.9047084546942173,-0.12079479250264896,0.9549714011880686,-0.12157724147547128,1.0083156805497717,-0.09930844695778625,0.5979591033508819,0.03435853068723062,0.9704221097929197,0.04796309203022752,0.7020472067686557,0.10351659861382653,0.8761409511546517,0.15236772946460103,0.1279370585067228,-0.3148488280002989,0.739922458839864,0.0036838105954123523,0.762874746148345,-0.025846741850004976,0.6918124813797142,0.1564499734678961,1.0279520394958044,0.21215158300513506,1.1087598172199074,-0.11348656704815106,0.6494238793694365,-0.2648191062734772,0.5492445836210037,-0.18054657163698387,2.959255310291801,-0.021665445284233868,1.0551912289878917,-0.1872879619947922,0.5882950546216656,-0.20295244129951454,0.5161618886695959,-0.08198371819977596,0.8850078266406016,-0.26229657102378434,0.8082632762552159
13,1.0612425970681643e-17,1.0,1.6408443231592388e-16,1.0000000000000002,-6.204187490552346e-17,1.0,-3.49393716573211e-16,0.9999999999999999,1.4285958037456057e-17,0.9999999999999998,1.3877787807814457e-17,0.9999999999999999,-1.2653277118889651e-17,1.0,-3.3633226922467976e-16,1.0,0.0020130496039916794,0.9209857244364391,0.03366994858482491,0.9787765400953823,0.12450931391752504,0.09236736561788722,0.4177521612690989,0.9663723720596824,-0.0214724509628106,0.7121603572563265,-0.0016106883730603087,0.8413996509847509,-0.07397867135263708,0.3684816730640632,0.37331816606632573,1.3830342995611615,-0.06569982271645142,0.2386543841140281,-0.011031822739185668,0.6197577461477763,0.12783096509760394,0.06829477415663655,0.40967171310388784,0.8525923739022225,-0.06661648127701449,0.24679971407194182,-0.07522414159793937,0.21278909214616668,-0.04337776702637636,0.33964459773656264,0.0780654087931107,1.2460366993174605,-0.05744563994417146,0.4756882427196537,-0.05435631257009522,0.635222396824194,-0.09830295905609501,1.5858339448170686,0.4515528014629262,0.864519272520903,-0.07099120093979254,0.36824444504394843,-0.07673044897738816,0.32574617718107535,-0.05559078607410543,0.489908030044911,-0.11420693056252829,0.9562799546820373
14,-3.027880976250427e-17,1.0,-6.560408781875925e-17,0.9999999999999999,-1.1102230246251565e-16,1.0,-8.074349270001139e-17,1.0,-8.074349270001139e-17,1.0,3.027880976250427e-17,1.0,3.027880976250427e-17,0.9999999999999999,-2.523234146875356e-16,0.9999999999999999,0.026700547697759286,1.0489289949071743,-0.07652401222746252,1.328287658833759,0.02834171832107875,0.7322072370957419,0.2677126490594076,0.9639706860281908,0.040818157693991775,1.333986766477674,0.08470493759333995,1.7382124727332784,-0.04742501259183807,0.5182401136950395,-0.20578018414408836,0.8037576828335927,29.989188441148382,0.0,11.912888203896038,0.0,0.1262764517865865,0.0,1.4786916769877958,0.0,25.286429540231527,0.0,18.8736488047609,0.0,37.91992457470022,0.0,2.314586608453128,0.0,0.16974162244410385,0.5363399215983462,1.0754870710066016,1.5524873156553147,-0.007930405184664877,0.30367545166753573,-0.6977869355353398,0.8145169408808476,0.3848086455477577,0.8729635501596784,0.4562131286290214,0.9545651999402667,0.2434712859728756,0.7732931614143334,0.6066626674218457,0.855105519363531
15,2.921639538487254e-18,0.9999999999999999,-1.9721066884788965e-17,1.0,1.0956148269327203e-17,1.0000000000000002,-6.953502101599665e-16,1.0000000000000002,-5.112869192352694e-18,1.0,3.1772829981048885e-17,1.0,-6.391086490440869e-17,0.9999999999999999,3.301452678490597e-16,1.0,-0.06070026831599089,0.49735936760992794,0.062486971119200346,0.9455266834775178,0.048246872226743356,0.5470496686897953,-0.39893134888916937,0.9918938882262746,-0.029624403745823612,0.4847556936458243,-0.006788767651324797,0.5703737624709118,-0.08484388158510275,0.3480469010440025,0.09620391557137305,1.0640676956075865,0.0649706948712336,0.46609713189935825,0.4417582191079518,1.0673735979559176,0.047706025239787446,0.27136892398134577,0.13187202090384414,1.0012898255589326,0.10546664898809634,0.5217930917173562,0.08448916103402383,0.4686469418296461,0.15745073923290331,0.6545417874616669,0.7401671523890456,1.1050580168627597,-0.10140062234461024,0.1869951450905754,-0.056835090345536785,0.7343058036918731,0.09829809015892262,0.2167246491479328,0.7132140254181378,1.2149837623551818,-0.07118766070599634,0.374600445057805,-0.06287365352112842,0.4292894280757551,-0.0913798215407694,0.24594447066716224,-0.35730623984511617,0.6711959189459803
16,-1.8503717077085942e-18,1.0,-2.2204460492503132e-17,1.0,2.4671622769447924e-18,0.9999999999999997,-3.009937977872647e-16,1.0,-1.2335811384723962e-18,0.9999999999999999,2.0354088784794535e-17,0.9999999999999999,1.603655480014115e-17,1.0,-5.181040781584064e-16,0.9999999999999997,-0.05422156933903738,0.9097642019727127,-0.07067090278992963,0.7591629830268434,0.06070250521366473,0.72708064185662,0.4707569003177369,1.121283482319371,-0.0666011273145161,0.7378972997214315,-0.06737132225425782,0.7247375418062637,-0.061055246526672394,0.8171596469234805,0.09869239281536261,1.2265729467549042,-0.052722890418281244,0.8354120855473345,-0.019352449138203373,0.8969393623758823,0.10597675972782777,0.24469580525350518,0.46735075492511524,0.953175436643391,-0.037422346469390126,0.8250744205746946,-0.029786820877873522,0.8710399549104998,-0.07786396846027199,0.589434348013333,0.2353284390672264,1.3160606166663231,-0.09432763449889532,0.32846324880644695,-0.11695164412630678,0.66884764511244,0.12921914767618434,0.08748177652797061,0.4737246184596999,1.0370426057907565,-0.07956709452705292,0.43813323510537655,-0.0899622531017789,0.37705992257820836,-0.02345986265525293,0.7695880881706746,0.06336887734674158,1.1920522516250118
17,-5.551115123125783e-17,1.0,-5.551115123125783e-17,1.0,-5.551115123125783e-17,1.0,1.6653345369377348e-15,1.0,-5.551115123125783e-17,0.9999999999999999,-5.551115123125783e-17,0.9999999999999998,-5.551115123125783e-17,1.0,3.885780586188048e-16,1.0,-0.3539979680890349,0.6317736077008007,-0.3083397889663372,0.7759727568920907,0.5040359492925304,0.20736421102926375,0.9148847059345684,1.1029141063890984,-0.31716691426431165,0.7361362256181198,-0.28606130976407695,0.8243797994711313,-0.351328422306769,0.6392231540317024,-0.4156677434748769,0.457307241329068,-0.5464904744254174,0.05666301531862577,-0.3747322994126354,0.29451290045041056,0.5302196349700644,0.11544600509168124,-1.5572731225719654,2.833268498509689,-0.529556939715901,0.0812006019803986,-0.5170884708840077,0.10185839966391858,-0.5430581817310872,0.05877239998771007,0.8339772549294863,1.3891688108781974,-0.5703927209870457,0.0354600213564358,-0.5123946629453799,0.23182765925478238,0.5420022935249548,0.22633747972264118,0.6373635761047883,3.2262964249618196,-0.5604319492438706,0.08022053012268941,-0.5509365229402906,0.1267668546381246,-0.5708111985002907,0.02965181616365323,-0.34934752220013304,0.7521934919131062
18,-6.78469626159818e-17,1.0,-4.11193712824132e-17,1.0000000000000002,1.850371707708594e-17,0.9999999999999997,-4.893205182607171e-16,1.0,-8.018277400070575e-17,1.0,-2.3643638487387593e-17,1.0,1.644774851296528e-17,1.0,-1.6858942225789415e-16,0.9999999999999998,2.672712952053823,4.059401380970038,2.231891232408343,3.5940556232094205,-0.47967979177620107,0.9713020233852494,0.046284984500216765,1.21527806545645,4.161434557728148,6.174583071671099,3.3246944031391905,4.990670208859092,7.021037588744776,10.2213893076808,-0.6465788982907367,0.10674637734613923,-0.015571791938295325,0.4816001342099029,0.3009670595692708,1.207336241182578,-0.11991994794405031,0.8260956594167831,-0.8969956878220224,0.975877192910794,0.19026707509142532,1.0445726192286082,0.13976642908958722,0.9175180750080718,0.36446901174119867,1.4794268032890323,0.11728678340903646,1.013543024010157,-0.0772072337168095,0.2870484024721625,0.25510302299978005,1.0426965958982177,0.08098489991026772,0.30900204257100705,-1.0135779739244208,1.2267871148036011,0.07413130306515561,0.6504144204988986,0.06268739470998973,0.6272292666222055,0.11408606715285893,0.730075646238728,0.03652673398358692,0.7797624520880049
19,7.10026352957949e-18,1.0,1.2715926502974177e-16,1.0,-2.1946269091427512e-17,0.9999999999999998,4.905636620436738e-17,1.0,-3.162844663176318e-17,0.9999999999999999,9.682177540335668e-18,1.0,3.0982968129074136e-17,0.9999999999999999,8.778507636571005e-17,1.0,0.053235910734615505,1.2935181368465964,0.03820758696081698,1.2506812823406865,-0.19666767682417557,2.2813361618199965,-0.14622425168084777,1.2933468037472868,0.07623872498289287,1.4623674994486984,0.09128283072531806,1.5557511445719951,0.026589212970446686,1.155470698777054,-0.287676853374623,0.659912490086868,-0.09187724333537771,0.34883178653990576,-0.08359080416785626,0.8189280113317101,-0.08787519188153306,1.7607484608534882,0.433285686303691,1.223230424146345,-0.05114898442765875,0.577478307999383,-0.060687514687200884,0.5254163181834867,-0.020440845846794974,0.7563969990356826,-0.23113085518327048,0.7955398716329481,-0.11284106948483874,0.27777465781620087,-0.07954424559597621,0.6236170815571208,0.011810005877557974,0.9755100599367225,0.08985657610628325,1.4971023069551914,-0.09380969388772893,0.36739223158857365,-0.103089222127001,0.2867826258576315,-0.06372775394729054,0.6718335220056217,-0.4447601364529953,0.6574673613422558
20,-5.430438707405657e-18,1.0,-1.5084551965015714e-16,1.0,5.189085875965406e-17,1.0000000000000004,-1.4481169886415086e-16,1.0,-2.413528314402514e-18,1.0,1.0257495336210685e-17,1.0,-6.033820786006285e-18,0.9999999999999999,-2.896233977283017e-17,0.9999999999999997,0.00712883189322517,0.9634170460775653,0.04949288791120843,1.1307908254988448,0.0062698673545219415,0.7595908873893867,-0.17794823434584214,0.9176468887677969,0.017025888405018865,0.9935010716151775,0.052064744949738555,1.1911364847089445,-0.05269070851022896,0.5974230059351192,-0.31512407040601553,0.8401881620537959,0.022417254279171895,1.1046491083583454,0.05146503872191515,1.091859688209749,-0.04812398188777778,1.0189710809041292,0.006243080505816534,1.2154689426985235,0.02879540419771424,0.9823968975079191,0.038829056575978585,0.9562771691703037,0.008801627705204849,1.0592647339791612,-0.7105645204280474,0.4636378268104425,-0.09773768159930833,0.3162754735816734,-0.08969361146215277,0.6969732679661679,-0.004640526824892813,0.9904321287484833,0.37467442234863824,1.413245787504631,-0.092388690190014,0.37827817586965895,-0.09398033342883255,0.3696218662220181,-0.08951314160998415,0.40300099724849103,-0.8083120627652496,0.36422423179047675
21,2.7755575615628914e-17,0.9999999999999999,2.7755575615628914e-17,1.0000000000000002,4.163336342344337e-17,1.0,-6.245004513516506e-17,1.0,1.3877787807814457e-17,1.0000000000000002,-2.7755575615628914e-17,1.0,-1.3877787807814457e-17,1.0,-4.891920202254596e-16,1.0,0.017041929470014597,0.9732090685129255,0.37799139916974217,1.6195705088515968,-0.19866219234335125,2.25480308163195,0.06319710031797142,1.0817171621348571,0.19327632859255225,1.149546919157577,0.252035164915011,1.2594118088416077,0.06970950664962766,1.3288006028394708,-0.22022630988784986,0.7909095680379802,0.28551627965329673,0.801582143251395,1.04134649053123,1.7721061258192043,0.13423121104280486,0.0,-0.9402891704202642,0.9249846533674685,0.5413336310345531,1.2675555684834887,0.4989484036857864,1.1709756377330185,0.6308346156020105,1.4697323386130665,0.999025480789386,1.0598968162210074,0.005804911543011832,0.4241604922624886,0.3485122864760217,1.502918569377734,-0.0722783444076642,0.7153700845773496,-0.5687556142409378,1.2959324067752376,0.1575710556172275,0.9247265051654537,0.20305245812637537,1.0866802155272766,0.06319204322677242,0.5870195101352578,0.05706054510026237,0.8861967863045411
22,-8.326672684688674e-18,1.0,2.1279274638648835e-17,1.0,-5.921189464667501e-17,0.9999999999999999,-4.6074255521944e-16,0.9999999999999999,-1.295260195396016e-17,1.0,-6.661338147750939e-17,0.9999999999999998,-7.401486830834377e-18,0.9999999999999999,7.253457094217689e-16,1.0000000000000002,-0.06792186759407604,0.7254012019598394,0.22619528658825214,1.5387676688004386,0.047797811736207785,0.9058708990231268,0.08678239589805428,1.034500097415365,0.09943086242005834,1.0215703149335984,0.28208486488884843,1.6230775861732316,-0.1165227888655963,0.4440569714569895,-0.41723978425364916,0.6482423219919284,1.7026493957916975,0.0,4.961535215317762,0.0,-2.2738101868796012,0.0,-1.6603280968313332,0.0,3.782167745919151,0.0,4.920594039540999,0.0,2.434759507289121,0.0,0.48779079909616685,0.0,0.39246204096697784,1.0110438800454304,0.8599421710279054,2.1933133099232798,0.25264557631995566,0.0,0.26055231769522763,1.487585503706745,0.9068391043314117,1.9301841698361808,0.9304828775134841,1.9849321201212677,0.8762575941850882,1.8623728595145372,-0.43243002875039827,0.3919209184018417
23,8.432073604748025e-18,0.9999999999999997,1.4193990567992507e-16,0.9999999999999997,4.145769522334445e-17,1.0000000000000007,-3.6538985620574775e-16,1.0,-2.8106912015826747e-18,1.0000000000000002,-4.216036802374012e-18,1.0000000000000002,3.232294881820076e-17,0.9999999999999999,-8.713142724906291e-17,0.9999999999999997,4.714724941057396,8.372148273867726,2.6022050536236443,4.947041593442121,-0.5357290084946773,1.1453887356609544,0.43631428102476655,0.14757964495242487,5.290724368310117,9.394314234666863,3.836140637894611,6.882438054101035,8.757032913923997,15.382251728925945,-0.13939631489174978,0.8677101035619394,-0.033034080173999274,0.5076250574094034,0.03388099049732465,1.0647602129264544,-0.14210371393478602,2.107597894766865,-0.3328749442374582,0.7612404186636711,0.021150635276966426,0.7262917469675305,0.019331164786592706,0.666535811125635,0.02474140536315755,0.932572457856534,-0.003704498161077282,1.1704547267630276,-0.060595451956023554,0.22085586056088666,0.1292359609447681,0.9958516060916206,0.021644408602128705,0.3037767348191431,-0.4686981190943684,0.928876492614251,0.008510163932787638,0.4904712008771802,0.014780017158689367,0.5259504045752471,-0.006357637677308971,0.4317041750175285,0.032748776952266134,1.033468847496951
24,-2.452818310218369e-17,0.9999999999999998,-7.874837732806343e-17,1.0,-2.581914010756178e-18,1.0000000000000002,-7.384274070762669e-16,1.0,2.1946269091427512e-17,1.0,0.0,0.9999999999999997,2.840105411831796e-17,1.0,2.246265189357875e-16,1.0,-0.08665601927778316,0.5429264276900317,0.033181971134004236,0.8006326515127654,0.09200246687880596,0.289667140414661,-0.6772946326528461,1.2646212104938277,-0.09082450625786345,0.42091267818161043,-0.04917001453141481,0.6878110497376743,-0.1368523492007082,0.12562201093806463,0.04689121116315666,1.0908965481946065,-0.1270540367608501,0.1127147225495911,-0.014080257826641518,0.45102805726007716,0.1432172279096776,0.049578645032115676,-0.09120312761109986,1.6865401521979575,-0.12376087961486615,0.11917764619760553,-0.11684198287934548,0.14035606910490245,-0.13125230378804623,0.09643897482531139,-0.05411283611114666,0.7699398580104837,-0.14466260428510774,0.07712494144368122,-0.13587182581653218,0.33041609119965415,0.14918667824559298,0.03413245758397252,0.46236624995049297,1.3342796525862064,-0.1428703160899007,0.08036630912064004,-0.1381005905262453,0.10596311482578094,-0.14807785717453242,0.055286452608979506,-0.21802501090333978,0.6792732561951567
25,-4.163336342344337e-18,1.0,7.771561172376095e-17,0.9999999999999999,3.608224830031759e-17,1.0000000000000002,6.938893903907228e-17,1.0,9.43689570931383e-17,0.9999999999999999,-1.6653345369377347e-17,0.9999999999999999,-4.0245584642661923e-17,1.0,-4.357625371653739e-16,0.9999999999999999,-0.17309766354946216,0.38518187331265985,-0.05706529929464676,0.5215758473065398,0.12120076506369311,0.780349237611803,-0.9668630550975917,1.7399517451790563,-0.17408855583841693,0.26679666895728943,-0.1592028784477412,0.3064825345644357,-0.19623017824247274,0.2218756358413695,9.404813148716157,13.962570206954338,-0.13908474697834036,0.21955206977777747,0.09477392456582615,0.7605892931384552,0.14748154320250403,0.20069695962464876,-0.9790021052083792,1.7666457596565268,-0.10394848497624568,0.30501081550597964,-0.07295996114202742,0.3796165206192011,-0.15016405653158488,0.19333650429995033,8.432022762920882,13.095143463787405,-0.21213208004462838,0.12313784382202474,-0.1932618326186003,0.3345512168722284,0.22941573387056186,2.7755575615628914e-17,-0.41508888263615684,2.0391979089089696,-0.21003732058514255,0.1390808532044895,-0.20436134676395024,0.17721043984559978,-0.2183985850848768,0.08209815661554584,6.146708372123623,11.569679852623153
26,0.0,1.0,0.0,1.0,0.0,1.0,6.106226635438361e-16,1.0,0.0,1.0,0.0,1.0,0.0,1.0,0.0,1.0,-0.9965005992171885,0.01752233150307763,-0.9686994763986706,0.10294314260046124,0.8862068965517242,0.8069628619968163,-0.545940305715619,2.272862570790745,-0.9948050803511544,0.02500969110081722,-0.993394452939634,0.030477010037885135,-0.9962935954726864,0.019028705224411496,0.16429016967218188,1.6371491998315504,2.0868907798418195,0.0,1.1019408240586108,0.0,1.0,0.0,2.665927539864645,0.0,1.332787656394689,0.0,1.2061164696686746,0.0,1.4755163178498327,0.0,3.3802832954177626,0.0,2.0868907798418195,0.0,1.1019408240586108,0.0,1.0,0.0,2.665927539864645,0.0,1.332787656394689,0.0,1.2061164696686746,0.0,1.4755163178498327,0.0,3.3802832954177626,0.0
27,0.0,0.0,0.0,0.0,0.0,0.0,0.0,0.0,0.0,0.0,0.0,0.0,0.0,0.0,0.0,0.0,-378292.0,3253.398940595307,-330.3752007211118,43.87742219907932,3.0,0.0,-0.03570918937805726,0.24684876107870168,-12500.375211800616,245.08191858961456,-6509.598014145784,220.80320781724924,-5993.9547021688895,25.4283700390386,-0.18891465877011282,0.12689237601740555,159401.0,0.0,22.20645143151961,0.0,3.0,0.0,0.2951870370370371,0.0,2325.0082082596327,0.0,836.3125201664807,0.0,1490.5386016530938,0.0,0.2213588816671065,0.0,-380406.6080691643,1160.6467052226144,-355.65521125061485,14.912279600748468,2.7463976945244957,1.992553136862942,0.03474304825493318,0.27413690802648616,-12654.515339281776,92.76797787269018,-6650.800841093015,71.94267982928561,-6007.403599385911,23.316347483749627,-0.1838930176340583,0.16765257468616881
28,-7.34706413354883e-18,1.0000000000000004,-3.428629928989454e-17,0.9999999999999999,4.0817022964160166e-19,0.9999999999999999,-7.1837960416921895e-16,0.9999999999999999,-1.0612425970681643e-17,1.0000000000000002,-2.204119240064649e-17,1.0000000000000002,-5.714383214982423e-18,0.9999999999999999,3.134747363647501e-16,1.0,0.008021486250237662,1.0349617584144881,0.16457262871798825,1.2292600122493569,0.024663315057845654,0.7375744147195861,-0.06218670994278125,1.1622395791084275,0.04347178431667057,1.0928092668670006,0.08042780226875873,1.232874714487867,-2.949360274327329e-06,0.9332007462405744,-0.19728793275217107,0.8619030553627224,0.036569379328486945,0.3850111094172936,0.8551881127857697,1.6755660733752151,0.05517329745123464,0.3669530092583706,0.18992874560183545,1.2664583223835115,0.2546676887114722,0.986293565120904,0.3899148087901438,1.3487081402175018,0.09723401788490833,0.5713109168891595,-0.028553673467452852,0.903865387872636,-0.04556854643486127,0.4161598745423014,0.4194076409971728,1.3670677827074382,0.04349972639959354,0.264685899897895,-0.849023023256325,1.6747652629389143,0.10469413033585936,0.7340622034159593,0.1685246621392783,0.9325341064561374,0.029767241799489308,0.5262511535130525,-0.5181639544704032,0.7506036547014452
29,-5.551115123125783e-17,0.9999999999999998,1.1513423959075697e-16,1.0,4.11193712824132e-17,0.9999999999999998,4.440892098500626e-16,0.9999999999999999,5.13992141030165e-18,1.0,-7.607083687246443e-17,0.9999999999999999,2.2615654205327262e-17,0.9999999999999999,5.26327952414889e-16,1.0,17.170796482534254,0.0,5.6988541336298555,0.0,0.2583747146839468,0.0,0.6237803674633332,0.0,11.818259572137428,0.0,6.6421511861307465,0.0,58.09305473061268,0.0,1.4898606411743376,0.0,-0.1563128459352641,0.3699509616931105,-0.21540941200579544,0.6081722414245305,-0.5388958334836604,6.975049441681146,0.618370208681772,0.7994014228438037,-0.13283602821020984,0.6227792201288935,-0.14068449246193787,0.5589280453929831,-0.06364410179130393,1.1963051846687147,-0.43754172542919745,0.948598503161992,-0.18012474226731456,0.23662700152965505,-0.27972770617320597,0.3602498730870334,-0.04206731173950815,3.4061124872628494,0.6765508486722477,0.92087807447443,-0.18468741286545445,0.292184449165176,-0.18885732959877388,0.2505692265231023,-0.14827996683017652,0.6661463643562439,-0.2289132681081166,1.1372477203455116
30,2.1055953915304692e-17,1.0,4.2111907830609384e-17,1.0,-4.785444071660157e-17,1.0000000000000002,-7.312158541496721e-16,0.9999999999999999,5.742532885992189e-18,0.9999999999999998,8.613799328988284e-18,0.9999999999999999,2.7755575615628914e-17,1.0,-2.373580259543438e-16,1.0000000000000002,0.12410382561489289,1.5160274770801607,0.10267837859197938,1.1564064639758187,-0.3388625903713826,1.9629413436633691,0.06767246418001062,1.0041186356843272,0.077463222501542,1.2560360827808095,0.07268632601583058,1.2324392185073818,0.11739214485343229,1.445923896031022,0.3504293976209184,1.2760931451970727,-0.09861304085150113,0.5419253304324032,-0.0015428673935855499,0.9000428546656265,-0.6050550516988318,5.155278287325718,0.1970583874828993,1.2496121239754094,-0.025159974654880887,0.9304793410345984,-0.03310193159585497,0.8743071893442471,0.03885761187181437,1.3897450772631448,-0.1519555294682274,0.8265058706625124,-0.13296054038778288,0.3872957805441979,-0.13490249494117756,0.6406338134120076,0.13061883990086323,0.5784548624181091,0.5436333850865036,1.3631188470918765,-0.11390182170700368,0.508604743839405,-0.11517494562749113,0.4916002538639656,-0.10309214962980572,0.6484895996945195,-0.13426247112607403,0.8193379265850296
31,-5.551115123125783e-17,0.9999999999999999,1.030921380009074e-16,0.9999999999999999,0.0,1.0,2.379049338482478e-16,1.0,3.172065784643304e-17,1.0,-1.030921380009074e-16,0.9999999999999998,-7.93016446160826e-18,1.0000000000000002,1.974610950940457e-15,1.0000000000000002,-0.25602910605392226,0.1443155884357626,-0.13649708520977633,0.4782006428993698,0.16641005886756877,0.4961389383568341,-1.5135270778893029,1.2969244159629194,-0.23236275910147833,0.26834479199085953,-0.21120432324573035,0.40154510705139884,-0.2701767875382925,0.04587436486582076,7.599395602453756,10.906173776762843,7.342244455320995,0.0,3.6130598388385553,0.0,-967.6744923149123,0.0,0.13284107143534335,0.0,4.676448992699625,0.0,3.623660444285893,0.0,6.57671502017401,0.0,32.05815098322085,0.0,7.346566223892855,0.0,3.5931458411462374,0.0,-618.7680688892431,0.0,0.1359103608726193,0.0,4.6389247905824496,0.0,3.584409527381201,0.0,6.542338956210476,0.0,32.09939875410985,0.0
32,0.0,0.0,0.0,0.0,0.0,0.0,0.0,0.0,0.0,0.0,0.0,0.0,0.0,0.0,0.0,0.0,-411624.82258064515,13521.506027167088,-375.9782074440703,32.492312796349964,1.5806451612903225,2.0833315990280674,-0.03063386214200559,0.21403568641282006,-14402.461508029706,416.22818944997,-7643.095053494801,246.9130357206474,-6763.104578575517,173.57050667724394,-0.2093808618558465,0.16771672221338801,-410875.28571428574,7293.237703796691,-344.79631303589116,58.9393830258401,1.5714285714285714,0.9035079029052514,-0.18274861675057932,0.20251784192163685,-14125.038904526693,627.4279634058047,-7421.638091716302,485.45851209471937,-6707.106662400946,183.2193620339407,-0.25358441877179355,0.11985155397777573,-413727.975,2954.9713660837733,-378.16110583975643,27.580563215381954,1.65,1.3518505834595778,0.004439721078641751,0.23183875855512884,-14440.05469336725,217.43532674289497,-7661.351609960492,156.07353978430984,-6782.655142163681,63.33668965770993,-0.2907652199382936,0.09997948576273154
33,-5.28677630773884e-18,1.0,3.2601787231056185e-17,0.9999999999999997,-1.76225876924628e-17,1.0000000000000007,-6.238396043131832e-16,0.9999999999999999,-5.0224374923518987e-17,0.9999999999999998,-3.0839528461809902e-18,0.9999999999999999,-2.9517834384875194e-17,0.9999999999999996,4.5818728000403283e-17,1.0000000000000002,-0.02107448543751123,0.7446030890230528,0.27396730152580795,1.2992941132642988,0.13218934000094235,0.0807092583729822,0.015365198759378838,0.9897296797296474,0.10036353014860305,0.9001674346972092,0.14621273907062549,1.0048175519416191,-0.04460040277227586,0.6234329768917048,-0.008098667281593148,1.1235761735134138,30.958647208491772,0.0,10.57867198970453,0.0,0.14744195615489725,0.0,1.4052601511514018,0.0,26.090015851340162,0.0,17.109206159811716,0.0,54.14321806373323,0.0,2.6975012378669803,0.0,30.958647208491772,0.0,10.57867198970453,0.0,0.14744195615489725,0.0,1.4052601511514018,0.0,26.090015851340162,0.0,17.109206159811716,0.0,54.14321806373323,0.0,2.6975012378669803,0.0
34,0.0,0.0,0.0,0.0,0.0,0.0,0.0,0.0,0.0,0.0,0.0,0.0,0.0,0.0,0.0,0.0,-74331.0,0.0,2.4614519190145074,0.0,0.0,0.0,-0.13765000000000005,0.0,-137.5431222680545,0.0,94.93908743781594,0.0,-233.87209593867465,0.0,-0.10525698914400994,0.0,-539057.1870503597,8289.393636273915,-369.8576456539894,41.025646003991504,-0.30935251798561153,2.888451131745052,-0.34559427591574327,0.23181113141303733,-14889.93529538811,879.7549298012443,-7403.387122380626,797.3408983723033,-7492.2097057679575,83.6536154449924,-0.4607679994248544,0.10990942695181323,0.0,0.0,0.0,0.0,0.0,0.0,0.0,0.0,0.0,0.0,0.0,0.0,0.0,0.0,0.0,0.0
35,0.0,0.0,0.0,0.0,0.0,0.0,0.0,0.0,0.0,0.0,0.0,0.0,0.0,0.0,0.0,0.0,-395469.1904761905,12290.933051046452,-382.85328764037655,59.67001864938089,-1.8571428571428572,14.120633493205359,0.11036370480761046,0.23486642036576247,-14588.523098427804,1408.0406148497266,-7732.862304271984,1358.3965418592675,-6859.250065728603,50.21751962538169,-0.2653554920716668,0.08949337493705356,-396756.70802919706,2501.7530909127972,-390.04201916357266,16.002853586411575,-0.043795620437956206,0.29269981979216675,0.06301114674669576,0.2693837770902218,-14763.883012343238,132.8379580922613,-7906.383289948259,96.05679119791276,-6861.065958083971,38.0164339235823,-0.2523648000992628,0.10256141867170127,-396322.6458333333,3611.1386217368213,-386.2337231820641,24.563756050897904,-0.0625,0.31663925319938885,0.02699021280232805,0.2477321498439455,-14735.960811175386,211.27892540309892,-7885.239261566302,160.92309059132344,-6854.247237363364,57.090077472178294,-0.22379803685555344,0.14161532759163525
36,2.7755575615628914e-17,1.0,-2.7755575615628914e-17,1.0,-1.3877787807814457e-17,0.9999999999999999,-3.677613769070831e-16,1.0,-5.551115123125783e-17,1.0000000000000002,-9.71445146547012e-17,0.9999999999999999,-8.326672684688674e-17,0.9999999999999998,-1.0408340855860843e-16,1.0,23.86920716030453,0.0,10.98384899090525,0.0,0.17802267130640378,0.0,-0.2275640574070549,0.0,29.406253879372645,0.0,24.544430589333263,0.0,35.9448235096889,0.0,2.0903883130880185,0.0,0.11426036978568979,0.7555387301771653,0.7902399254032582,2.117581360323961,0.17802267130640376,2.7755575615628914e-17,-0.7286480838339542,1.2377334700429616,0.6210735103357646,1.9853780257888582,0.9161346437372656,2.837928509663904,0.16264488131107357,0.693578710853851,0.10796026460572984,0.9384726686155784,-0.13814011673968235,0.21959491510679585,-0.10072477215096527,0.7409865222379453,0.1159668381712739,0.32292892038133525,-0.25266103171460025,1.096088588960544,-0.10642291673769026,0.5136569964756215,-0.10113963208634057,0.6200924960338361,-0.1118194562625886,0.3475578272665798,0.03540719144645292,1.0720055571483595
37,-1.9531701359146273e-17,1.0,8.360938827424019e-17,1.0,-5.105655267566306e-17,1.0000000000000002,2.7549978759216847e-16,1.0,-1.7475732795025613e-17,1.0,-5.276985981243028e-17,0.9999999999999999,-1.1650488530017074e-17,1.0,1.4391779948844622e-16,0.9999999999999998,28.567031084265476,0.0,10.23222861162783,0.0,0.2340181886004545,0.0,0.006766983366377097,0.0,29.980878187010504,0.0,22.021842220131166,0.0,45.03244336450847,0.0,1.2792293158498718,0.0,0.11727339741727486,0.7562362320792291,0.3587903750142064,1.3813004787839733,0.16381273202031812,0.19857101769644855,-0.5998050315292337,0.7177164222862523,0.22789225354723866,1.1858482450807193,0.2656203808552252,1.3227372395305763,0.12612751106906633,0.7853575537637792,0.5746900591962195,0.9063024345536764,-0.12968801089960477,0.22973883855377764,-0.10902849848870955,0.5519017275932828,0.20462985793900212,0.1330613263531922,-0.3704193968527031,1.1160405290399793,-0.14758034511315524,0.38038387755533204,-0.15271119690618304,0.37305943448802703,-0.12466973606392175,0.36680128960528374,0.09894839989852869,0.9426627932123866
38,-3.0030622797237843e-17,1.0,-2.2750471816089274e-17,0.9999999999999999,7.280150981148568e-18,1.0000000000000002,-9.10018872643571e-17,1.0,5.915122672183211e-18,1.0,-2.5480528434019987e-17,1.0000000000000002,2.7300566179307128e-18,1.0000000000000002,-3.094064166988141e-16,1.0,20.11632849274777,0.0,9.567061684060452,0.0,0.14803491099321836,0.0,0.6821929499238345,0.0,17.301923607993356,0.0,13.157260600000509,0.0,25.274465239240445,0.0,2.009352778056926,0.0,-0.07375310332741616,0.2501631593823208,0.07622861011675015,0.7712479934317933,0.12067088199144159,0.14735980596177595,-0.4330456733744006,0.9980660927669683,-0.027324789465023383,0.44659583165755146,-0.04516139498884274,0.39006870083056283,0.00765508849717544,0.5558171066972094,0.2310358833595347,0.9734588780624922,-0.10020277197817545,0.18085869657019954,-0.034792314441094735,0.7492559163180471,0.10014786024010912,0.2711490849978837,-0.10532412476938455,1.0860963704627746,-0.06695723303515512,0.39107334677246514,-0.06243262530597073,0.4524696515653493,-0.07591696807061368,0.3427266917994748,-0.21643317905178003,0.7890760892594022
39,0.0,0.0,0.0,0.0,0.0,0.0,0.0,0.0,0.0,0.0,0.0,0.0,0.0,0.0,0.0,0.0,-485015.85714285716,14267.596830889152,-372.4343234172951,39.95438080393991,-0.2857142857142857,1.132893071749554,-0.19739748123531428,0.20834644411851233,-14690.222295549791,505.6408723266858,-7551.614867366386,379.69301644717234,-7143.297748216648,132.3593998113821,-0.34247360928544035,0.13227770201091932,-413611.25,128954.21486011033,-289.4927115476309,166.7515107264335,-2.5,4.330127018922194,-0.20149596560846564,0.12918064488695122,-11108.171978634244,6420.056680272036,-5742.4638860898995,3299.259575750486,-5369.984109835351,3121.7434614811377,-0.26309790120175136,0.18203106392145044,-484274.44736842107,23052.600059654607,-374.61133477668005,61.15889237193212,-2.026315789473684,12.325597758762182,-0.14126900765622577,0.15556922926079078,-14461.773482716339,2139.2358780614627,-7448.339709559661,1204.0518212449463,-7018.343378671114,935.4650354974973,-0.38884518565315673,0.092536297881591
40,-4.4408920985006264e-17,0.9999999999999998,0.0,0.9999999999999998,0.0,1.0,8.881784197001253e-17,1.0,2.2204460492503132e-17,0.9999999999999998,0.0,0.9999999999999999,-8.881784197001253e-17,0.9999999999999999,3.0446756227320294e-13,1.0,-0.48809179277153075,0.08434567236709996,-0.40622397271660005,0.22186609988704845,0.4972191323692992,0.015231439307707621,0.3946454967943882,1.1504675351358977,-0.48254936386046465,0.08258719825893929,-0.475391675693347,0.11710543317549034,-0.4926343276515937,0.04474686116181402,284.67136414669693,508.43598111825025,4.8355349312899625,0.0,2.2670098821563998,0.0,0.5,0.0,1.4328453860262846,0.0,3.09350934129975,0.0,2.5570778443235023,0.0,3.85806157634053,0.0,1713.5943012210605,0.0,4.8355349312899625,0.0,2.2670098821563998,0.0,0.5,0.0,1.4328453860262846,0.0,3.09350934129975,0.0,2.5570778443235023,0.0,3.85806157634053,0.0,1713.5943012210605,0.0
41,0.0,0.0,0.0,0.0,0.0,0.0,0.0,0.0,0.0,0.0,0.0,0.0,0.0,0.0,0.0,0.0,-343346.5,10350.572512036379,-387.3313360892746,36.508175283583576,0.6346153846153846,1.6873835703862556,-0.03031263600539164,0.1911058245573493,-15036.795762765694,436.30816888741475,-8151.533893002097,308.27297744775535,-6888.720556262581,129.9389921105521,-0.06786708477842905,0.15340992199088385,-344179.96341463417,8429.25951735125,-388.8147047938679,36.02560297252919,0.5609756097560976,2.429983242818914,0.08141681406808071,0.2639162787133753,-15048.29862258797,443.8545896308246,-8155.9594142525175,330.2906885654056,-6895.890911449583,126.76414912933971,-0.11313122137722423,0.13461260949495105,-343625.3142857143,6987.257768953134,-382.4837744611276,42.17284793656142,0.08571428571428572,3.9811802167657957,0.15533279714128767,0.2344689360922202,-14990.990868735369,531.2300928281512,-8119.1899429434725,382.01119986465693,-6875.392900138108,156.9599402952002,-0.13866863370392943,0.07605155719552094
42,1.308477136165363e-17,1.0,8.961085841617335e-17,1.0,-3.568574007723718e-17,1.0000000000000002,-1.45915026093592e-16,1.0,-6.582036503134857e-17,0.9999999999999999,-4.123685520036296e-17,0.9999999999999999,2.2204460492503132e-17,1.0,-8.009466106224344e-16,1.0000000000000002,0.17749352458497614,1.9192441381964715,-0.0936493134044524,1.072705304029999,0.03683601950816739,0.96934282876096,-0.15614142371781523,0.8816992963177458,0.03133621748564016,1.7212153992014687,0.014509919441441097,1.7037346213778437,0.09574809473386475,1.4184490951876512,-0.042540628651753246,0.8307894470738072,4.5412090691379765,11.517329775308212,0.8009880782622493,3.0099227254725847,-0.9723699944142261,2.904646740863151,-0.4621191330751806,0.5783622712412398,3.7905736263262746,10.020586321442352,2.369361520049737,6.57972286159918,8.983765147749931,22.40866593518804,-0.1802689045230958,0.54445658845786,-0.05647324620731195,0.7329378115450595,-0.28272707614384524,0.6238256825877929,-0.11207133842842121,2.399470371862362,-0.16387116252101724,0.9738724299889171,-0.17890703494965995,0.7829104452159805,-0.2068766723447683,0.7327764743796312,-0.018545515459656273,0.8421199856223169,0.31477211961206325,1.244499764467172
43,-9.372012545537036e-18,0.9999999999999999,3.7488050182148143e-17,1.0,4.6860062727685176e-17,1.0000000000000002,-2.2060275684110255e-16,1.0,-3.604620209821937e-19,1.0,-4.325544251786324e-18,1.0000000000000002,-3.244158188839743e-17,0.9999999999999999,5.680881450679373e-16,0.9999999999999997,-0.04012125621529358,0.2981837693239542,0.19709870145139977,0.9984520116011693,0.005367372220259196,0.501084658846762,0.006562463552630229,0.845537559701477,0.05247452592677135,0.524067740589781,0.03163070879080057,0.47290105577353575,0.09417868842590284,0.6471310458785613,0.26452637388780137,1.0745283369162943,-0.09477694637250232,0.2484632294928061,-0.07861262289457056,0.7094390701205244,0.15001805355624412,0.0,0.43778221480495233,0.8777073853543826,-0.0678188466666717,0.422188040142929,-0.08495104763435098,0.3563770016431661,-0.026173328547162356,0.5397342113844585,0.5667746056514055,1.5128606553324513,-0.11413499418584942,0.22145293340795616,-0.02651027327494211,0.5677418187409157,0.11949112405352004,0.11759803750482409,-0.2538246414250615,0.8725681186964425,-0.09690060432418045,0.3335959787832548,-0.10619814373650392,0.2770404975331872,-0.0697975461858738,0.4444228502282162,0.5041124049455689,1.2918116692329356
44,7.876582269300097e-18,0.9999999999999999,1.207742614626015e-16,0.9999999999999999,-8.251657615457245e-18,1.0000000000000002,-3.7582549684946177e-16,0.9999999999999999,7.276461715448661e-17,1.0000000000000002,-2.513004819252888e-17,1.0,1.050210969240013e-17,1.0,-2.2804581046354566e-16,1.0,-0.08686951996861193,0.21161326293481533,-0.044664883946957515,0.49651782808611356,0.12415527012562932,0.0748907237627457,0.46490834716146473,1.182200442237833,-0.10079939699809698,0.22711800468853302,-0.11950589209968841,0.1624338319598127,-0.021600469380199064,0.5004613755351142,0.7243089641566057,1.36022263155349,-0.09848872350494925,0.1844648299037986,-0.12227051502714122,0.45524017617263307,0.13944227509950047,2.7755575615628914e-17,0.6332026704131294,1.2227336061683487,-0.11481283341078188,0.22420439329252498,-0.13264344459579297,0.16447906831344702,-0.03895699865110454,0.4585426878691664,0.543690789536883,1.411907841810264,-0.09863520813954857,0.2009302891252769,-0.04903474326977848,0.4409019808704317,0.12033351888216152,0.07149841885266879,-0.006149282415026014,1.0823703248216676,-0.11210913711918502,0.21823310298689536,-0.1278212571668754,0.1600065712283285,-0.04397794303784354,0.4623072700636696,0.6821761177787952,1.3508564447104616
45,-5.28677630773884e-18,1.0,-5.28677630773884e-18,1.0,6.079792753899667e-17,0.9999999999999999,-6.357348510055956e-16,0.9999999999999998,4.625929269271486e-17,1.0,-1.1895246692412391e-17,0.9999999999999998,1.4538634846281813e-17,1.0000000000000002,-2.431917101559867e-16,0.9999999999999999,0.016659159812029662,0.33320737433181863,0.5927138567788574,0.9260687535846879,0.22360679774997902,2.7755575615628914e-17,-0.7860610567138088,0.6009393301289992,0.2040206345693865,0.5840345568237901,0.13082992312718958,0.4798248259556435,0.4491474923423368,0.9315591558041498,0.24871693189053765,0.7011103388098721,-0.20762126463367248,0.14180225381478945,-0.21948071253367948,0.29550161149817133,-0.17126247918577917,3.6830954223989183,1.1599466084762886,1.3370102368696386,-0.2012904156643429,0.1875739871465548,-0.20639081245791083,0.1358715362318067,-0.18416371115069222,0.363358516118279,-0.29086452877738056,0.8841864763808918,-0.2104951904386889,0.10899680836073108,-0.23030427409973894,0.26458840913186976,0.1833575741549827,0.24774987386475086,1.0009745533592491,1.2594581986018234,-0.2050027220398107,0.16829744143896228,-0.21047711493899102,0.12028202055133828,-0.1864067341313843,0.3293212962514087,-0.16313859269411518,0.9887334030533161
46,-2.7755575615628914e-17,1.0,8.326672684688674e-17,1.0,0.0,1.0,-3.700743415417188e-17,1.0,-8.326672684688674e-17,1.0,-3.700743415417188e-17,0.9999999999999999,1.0177044392397268e-16,0.9999999999999999,5.551115123125783e-17,1.0,0.0012638438476629081,1.124098588280334,0.112739965892827,1.1831511621516855,-0.13266499161421594,1.114793091279111,-0.09146439940514473,1.1627671040726073,0.08149148774408824,1.321400735659018,0.13343221932451677,1.4762106068964036,-0.07775228903664913,0.8467639743443882,-0.05611406145771503,1.1233873210135614,-0.25950356369691474,0.22914515443334688,-0.23641202148772758,0.4112431618695586,0.21881109006500557,0.3359300218674074,0.44477873069911816,1.4977769581639226,-0.2428132762857126,0.3185391430903077,-0.25635138811555164,0.24229705939219215,-0.20135844355235083,0.553008156208779,-0.4557998172399911,0.464066478220468,-0.2804223899001998,0.11114425097507236,-0.2654267127681033,0.317536337796124,0.1268427035809902,0.9242595718381672,0.20858863496207836,1.1619980128257972,-0.26595573973212183,0.20554216466589426,-0.27698786888023824,0.14928175696026105,-0.23178055324788777,0.3785574425082911,-0.030364494926942275,0.9397133963924343
47,0.0,1.0,3.532527805625498e-17,1.0,-5.046468293750712e-18,0.9999999999999993,3.0278809762504267e-16,1.0,-1.0092936587501423e-17,0.9999999999999997,5.046468293750712e-18,1.0,1.0092936587501423e-17,1.0,2.6493958542191234e-16,0.9999999999999998,-0.0312923582669098,0.70686924969025,0.041360004484409824,1.1799049863139532,0.13426360731768203,0.23102728223909977,0.021587876176932648,0.8970327503156038,0.034982750404890586,1.0025882698106265,0.06981358715298752,1.1732946524443695,-0.05076819139109243,0.6330604018244833,0.16426651847744975,1.0456430375909098,0.1811572341440744,0.59121020044342,0.4891488961120405,1.3130865237768732,0.061560156139204326,0.25773270334644777,-0.6398878932718445,0.4563824814862928,0.29613947504218446,0.9550315039866847,0.23353451016992777,0.8519402883333449,0.4375663959813452,1.1645522624604872,1.1453359975251114,0.915787905302392,0.9584658193352666,4.205161346373548,0.27128380815324205,2.6453694092856646,-4.145487110225143,16.74023013630468,0.5770924701928791,0.7725871281709065,1.477626420047239,6.45930085441414,1.0197798829598883,4.7203565029411605,2.513958504649601,10.367811878073178,-0.493920660689611,0.026680368470050276
48,0.0,0.0,0.0,0.0,0.0,0.0,0.0,0.0,0.0,0.0,0.0,0.0,0.0,0.0,0.0,0.0,0.0,0.0,0.0,0.0,0.0,0.0,0.0,0.0,0.0,0.0,0.0,0.0,0.0,0.0,0.0,0.0,-539355.1,1904.704410138224,-372.0500346106927,32.618046038451496,0.0,0.0,-0.3473728213507625,0.1889950102211389,-14928.382348817666,209.091309710538,-7437.937029046021,191.57722611221232,-7496.124241207837,17.980452001724142,-0.4826377118644068,0.052086864406779655,-64633.0,0.0,0.7983238690914618,0.0,-1240.0,0.0,-0.11969074074074071,0.0,-5.959789227705187,0.0,31.308587713036104,0.0,-36.55249106723659,0.0,-0.11969074074074071,0.0
49,3.2819092788750405e-17,0.9999999999999999,-3.300663046182898e-17,1.0000000000000002,5.251054846200065e-18,1.0000000000000004,-4.350874015422911e-17,0.9999999999999999,-1.3127637115500162e-17,1.0,-1.1252260384714425e-18,1.0,-3.00060276925718e-18,0.9999999999999997,1.7103435784765925e-16,1.0,0.00869830451441025,0.9641402371936799,0.24444841849522955,1.3462170108976375,-0.11312635972038745,1.5591370523501287,-0.07140522758405675,0.918008980360691,0.09428531877138593,1.1863712466070357,0.1262276001901427,1.3274101868925043,-0.01738557699005175,0.7203087541845985,0.23090515876275777,1.0980445051713195,-0.04265378754858408,0.3416100502218602,-0.11051413902562336,0.7449889880161831,0.1345467355254312,5.551115123125783e-17,0.27792349438647246,0.806826089600294,-0.030723873595197734,0.45285409233429674,-0.06147153924169822,0.3199235023264509,0.07663758240840039,0.9193513080018548,0.13927703020257637,1.2041190478017196,-0.09323498232098887,0.2649649551541879,-0.16167966304334366,0.4681688060755523,0.033294615909683016,0.45420866628080114,0.21427082293215322,0.9644672117777774,-0.09884161727351361,0.2782430129529311,-0.1037768626561818,0.24100090201812807,-0.08149417444576101,0.4117313065603766,-0.21239937257277933,0.8852310673988039
50,0.0,1.0,-2.7755575615628914e-17,1.0,4.163336342344337e-17,1.0,-2.498001805406602e-16,0.9999999999999998,-1.3877787807814457e-17,1.0,5.551115123125783e-17,1.0,0.0,0.9999999999999998,-5.204170427930421e-16,1.0,-0.0924957905872192,0.5488919230050985,-0.09730982846711497,0.5616435325346426,0.11616449110385628,0.22559877557289454,-0.31093643663431314,0.8869352841600812,-0.1389959016128815,0.500754897911849,-0.1394516546145027,0.5316312539276937,-0.13375099659083275,0.3808862104799542,0.47594412080882115,1.346987087957034,23.514807331111108,0.0,7.171952071956773,0.0,-136.70695187738275,0.0,0.5414087255828424,0.0,16.410254605627543,0.0,10.413788969572597,0.0,38.52790196134106,0.0,2.4163071948516484,0.0,26.253209564275828,0.0,7.137593089671891,0.0,0.13990613892070283,0.0,0.9477388649068725,0.0,16.483235773459747,0.0,10.317054460776722,0.0,39.231287939978515,0.0,3.164935407643449,0.0
51,1.9984014443252817e-17,0.9999999999999999,-2.3684757858670008e-17,1.0000000000000002,-7.623531435759408e-17,1.0,-5.269858623554077e-16,1.0000000000000002,1.8873791418627663e-17,1.0,-7.401486830834377e-17,0.9999999999999998,1.3692750637043598e-17,1.0000000000000002,1.7467508920769129e-16,1.0,0.055674000621100665,1.2145535048302856,-0.015062106231539531,1.2030606299105933,0.05735315030846513,0.7141828333517153,0.18440886467544812,0.9796872678768612,0.04233316587414837,1.2790478783957597,0.05831215208707379,1.4441424893663608,0.013684481592158706,0.9740240834032211,-0.043914511807483875,0.9766050810383666,0.03459069130136721,0.47178691060335254,0.2502866580968704,1.8201797714455843,0.11554301766387062,0.16772373531852192,0.5174881395756554,0.9352715491776539,0.2951263720951844,1.360453126213519,0.3580440851868313,1.5806534448313176,0.18043772117631024,0.9574437052830022,-0.27886787568731675,0.9489549957744913,-0.08548796123717967,0.20026342222035062,-0.21455748660239232,0.753986766305127,0.13417898825481753,0.20071554594632157,0.8079878421683335,0.9280344775066609,-0.0773571833813984,0.43815081613718804,-0.08387350798417098,0.4620124092133012,-0.06584705087538846,0.39096866000297514,-0.44142833637954104,0.5260040359295175
52,-4.102998134484274e-17,1.0,-2.53420473012264e-16,0.9999999999999998,1.6532668953657222e-16,1.0,1.2852038274193387e-16,1.0,2.594542937982703e-17,1.0,1.68946982008176e-17,0.9999999999999998,3.620292471603771e-18,1.0000000000000002,-5.985550219718235e-16,1.0000000000000002,0.21320468129507192,1.2471775912560332,0.40481169335981787,1.4196442503965168,-1.3470408897013568,4.93391717529918,-0.42964874778096945,0.990145457707404,0.42551691312068735,1.8202097784559494,0.29228845019697647,1.4065889769535462,0.9778295502503266,3.5187692721564496,0.7382456135654837,1.1112182943090156,-0.15694768170011228,0.5928079063137052,-0.18010797854052626,0.7884759554763713,-0.5901577276141474,9.44824147913392,0.8957193350665726,1.0081499628682904,-0.10451601383454205,0.847130060374131,-0.09722998868704746,0.8290263730410629,-0.1377235535515484,1.1936767271379753,-0.42576360115111367,0.675735969167781,-0.11343309240597244,0.3907049807342298,-0.03170586358550367,0.6670386925833793,0.09061030445113454,0.5343592169386362,0.09654008733459743,1.100782776758271,-0.06232658158205796,0.5898818236347944,-0.10868209347729337,0.3850850827589952,0.1313489014316227,1.446628241362522,-0.17217818239778637,0.8596460345642688
53,2.416367759478282e-17,1.0000000000000002,8.098097356089377e-17,0.9999999999999997,7.836868409118752e-18,0.9999999999999994,-4.3886463091065013e-16,0.9999999999999999,-3.461283547360782e-17,1.0,1.697988155309063e-17,1.0,-2.873518416676876e-17,0.9999999999999998,-4.258031835621189e-16,1.0,0.0694455418754727,1.4622501400072048,0.11934395872602091,1.264619149602517,-0.012163553014800696,0.9827959263798481,-0.2763518136698779,1.092495835490049,0.07290717212962913,1.4143867230696698,0.08776762928179917,1.4770929577717309,0.014706569301075388,1.1620445001549442,-0.2661947357745058,0.7600171777456071,0.0760379539409513,0.4831939523375191,0.43863126572943045,1.2047180344625923,-0.04268827891384828,0.5937551521653445,-0.5391906750712175,0.9693744117219946,0.17466202167045597,0.7889845510614336,0.12981560056735367,0.6740269012220975,0.3508784460580618,1.225931358121031,0.3791615747801882,0.8004641655649979,-0.0955940433274515,0.2094678072241438,-0.15175587950721733,0.5807191814723444,0.02791418557364885,0.7356660401397692,0.1544143142297977,1.0053372007304606,-0.09156452854015028,0.3651122960081463,-0.09499526293694772,0.3237853039117869,-0.07911996358247829,0.5225818415970631,-0.4675181963981579,0.6348020026872688
54,-1.3877787807814457e-17,0.9999999999999999,6.751356230828655e-18,1.0000000000000002,4.50090415388577e-18,0.9999999999999991,7.351476784680091e-17,0.9999999999999998,1.4252863153971603e-17,0.9999999999999998,2.21294454232717e-17,1.0,-2.062914403864311e-17,1.0000000000000002,4.800964430811488e-16,1.0,1.2499671213773993,4.381526376753252,0.5988879254953864,2.695649662372913,-0.37492195628223074,1.6187258703447673,0.6034523018647708,0.8557481022669368,1.6842152117684444,5.947990203239027,1.2725355212945653,4.673488801797293,2.7406097184759752,9.09694791402168,-0.7670068080989421,0.09115556312874694,0.14016045842889838,0.5145567994482731,0.49241540587581467,1.1469476843564914,0.06188748651054783,0.15015324596001764,-0.7687808013200466,1.1339332629667547,0.2592165926495557,0.879087679850298,0.17945359302128425,0.7881032912774618,0.4782354659377919,1.1111807010563626,0.09456636270962762,0.641511466631344,-0.026135283887364923,0.4456522260545427,0.09724422060799577,0.9298274711205899,-0.025133144670826058,0.7220537582811518,0.3708753603019432,1.0518557260382884,0.02201091857043433,0.6740502913108996,-0.006607016825383131,0.5848421588889487,0.1116473205144969,0.9641627343814937,-0.3836211402023359,0.7546224524256817
55,0.0,0.0,0.0,0.0,0.0,0.0,0.0,0.0,0.0,0.0,0.0,0.0,0.0,0.0,0.0,0.0,-486376.8933333333,8520.278747511076,-376.3217721631878,22.228348816015664,-0.21333333333333335,1.7227368406759707,-0.14277972928712546,0.1819762471058452,-14449.45323912167,316.1857008422039,-7376.972458594048,215.22779433274624,-7077.276005265863,101.50618856541254,-0.3515637671376577,0.14947911854670484,52597.0,0.0,2.514203755195865,0.0,0.0,0.0,0.0974018518518519,0.0,509.3389620969847,0.0,97.494685147989,0.0,412.71746578435796,0.0,0.07725875216769029,0.0,-10708.0,0.0,4.604070213348109,0.0,-1663.0,0.0,-0.01982962962962953,0.0,563.2792082909273,0.0,179.0024770415912,0.0,385.8492892640179,0.0,-0.039972729313791144,0.0
56,0.0,0.0,0.0,0.0,0.0,0.0,0.0,0.0,0.0,0.0,0.0,0.0,0.0,0.0,0.0,0.0,-309287.3043478261,13420.276485633622,-380.3738204276591,56.08873094754177,-0.391304347826087,1.5945322452949784,0.0028264381055119626,0.22311366099573304,-14675.097967836247,842.5311088768985,-8085.101845799981,754.9869014985754,-6592.391414101073,93.06405993846796,-0.04851892615206676,0.17778166585231506,-310331.45454545453,3693.677973945023,-378.25523266174406,41.022328038410144,-0.09090909090909091,0.2874797872880344,0.06266908128185116,0.20258540088965118,-14737.521381364844,318.95921408224257,-8152.473765830675,255.93939907579625,-6587.541516077284,70.49926692160571,-0.049560114738275846,0.14020353899141647,-310369.8,3447.1205316901815,-383.2876368927858,31.888097828495177,-0.1,0.30000000000000004,0.14869214541216674,0.21589263403233847,-14780.951509700031,211.15658276104276,-8198.994142718457,145.3100251122148,-6584.648903371616,67.04011472623121,-0.12906002355971274,0.0798817005177531
57,-2.348548705937831e-17,1.0000000000000002,9.25185853854297e-18,1.0,-1.3521947094793573e-17,1.0,-9.024120482209605e-16,1.0,2.846725704167068e-18,0.9999999999999996,1.2454424955730923e-16,1.0,3.558407130208835e-19,0.9999999999999999,-4.782499183000674e-16,0.9999999999999996,-0.0325118184356379,0.6951764089169193,0.01899872727238175,1.0045935710957004,0.11007584936817334,0.17067907357381207,0.25350427511499735,1.0652700579179277,-0.0065409478051769625,0.80335860703949,0.006801948917406045,0.8794735374475613,-0.0386325867986201,0.6296987008701551,0.17176647049813457,1.1036627257579485,-0.0666391194489228,0.3076444865223923,-0.059952610903825705,0.7791288836148211,0.10788332734296457,0.14629780171965234,0.9264489026103062,1.3282280941000233,-0.07402808662858108,0.5501175512794311,-0.10133111905133518,0.5331773156718097,0.005914187939911562,0.5158904406322363,0.36273414655993824,1.1521639811887197,0.16916113178661688,2.668507706748109,-0.27153426483063825,1.2893289899293283,-0.2159733937354524,2.854760595142194,1.6287840392783965,0.6995415988573578,0.2565652309881078,4.079985190590447,0.09675798196498687,2.9948690205915143,0.6107688515554488,6.1425876496113325,-0.5633591133395113,0.030240817913982202
58,2.55351295663786e-17,1.0000000000000002,2.2204460492503132e-17,1.0,5.995204332975846e-17,1.0000000000000002,-3.1752378504279476e-16,0.9999999999999998,-1.7486012637846216e-17,0.9999999999999999,-8.826273045769995e-17,1.0,2.858824288409778e-17,1.0000000000000002,-8.881784197001253e-17,0.9999999999999998,-0.057531579090942614,0.8721700711158898,0.10593266884133407,1.021825974102176,0.016495721976846508,0.891990055159474,-0.34652148519183795,0.7192475077267944,0.00023468761379501297,0.9903476140865987,0.0261183614959601,1.0910699279390004,-0.06442025641825772,0.762463025026339,0.42397937718942635,1.4038245779857488,0.09942884360873507,0.6391868766396281,0.38778572018819213,1.386090680329103,-0.13746434980705383,0.991269523555301,-0.2754145317097469,1.0788928281470664,0.29229136127533845,1.1627936176363347,0.25059263352378075,1.0748015852874557,0.3803219973180228,1.5238186085873755,0.3069791476076788,1.1694543819433867,-0.0571761036294271,0.392192344335151,0.07802087832392948,1.0473459604803703,0.015273816645228186,0.5255613554056909,-0.3092498725532138,0.9212699605450873,0.033944915523892796,0.8009725058601003,0.030390103329103694,0.8435177078042099,0.041131458140512035,0.7891939654006985,-0.08673239565381842,0.9441508861790481
59,0.0,0.9999999999999999,5.551115123125783e-17,0.9999999999999999,2.7755575615628914e-17,1.0000000000000002,-2.636779683484747e-16,0.9999999999999999,4.163336342344337e-17,1.0,1.3877787807814457e-17,1.0,0.0,0.9999999999999999,-1.3877787807814457e-16,1.0,-0.00847336854468677,0.5788069349142057,0.10555518726641326,0.7839391957272467,0.007641816660283265,0.5785246529328484,-0.7499493088035528,0.7084373790387823,-0.03553875830774828,0.39662544761328117,-0.0385835695688837,0.3762613151188841,-0.016293475364038777,0.5291419264810352,0.7095575550085302,1.2703544143462768,-0.08533780148046304,0.2029507887454918,-0.05878662090689978,0.5091727650288195,0.001607758829825801,0.5888525086062005,0.08880234643185089,1.2663900908421837,-0.08424993456703035,0.22459516613251498,-0.09796328014547676,0.15681490041160848,-0.004184082569023142,0.6275262828339344,-0.33722331544308476,0.6808363613077852,-0.1111225810584996,0.12845363375726562,-0.13749276485330134,0.33045119432609826,0.06200035487431801,0.6686763971646681,0.0020881198073390175,1.0668875363087622,-0.11635694647752816,0.12762482748622245,-0.12138183090352207,0.09352373045269491,-0.08678762121827305,0.3442279646689149,-0.09963868090530725,0.9701735577388557
60,-2.824682474156925e-17,1.0,-1.768496853385205e-17,1.0,-1.0291669188450014e-16,1.0000000000000007,-2.7509951052658746e-17,1.0,-1.6456845719001215e-17,1.0000000000000002,7.614361452075188e-18,0.9999999999999996,-6.951175132055737e-17,1.0,7.368736889105022e-17,1.0,-0.0163047473677098,0.7798391767445695,-0.19905047961105343,0.8851931720749988,0.11351951772388884,0.030774291222513694,0.3921889899104222,0.7421793218421266,-0.04672071793114455,0.7980473038678145,-0.049815727672330896,0.8313375402025822,-0.039706053224721934,0.7190538346098178,0.008417615213644177,1.0547011442409766,41.77900569615756,0.0,14.853200190456766,0.0,0.11685745826586116,0.0,1.5348316869957594,0.0,37.46904282848353,0.0,26.713555616814773,0.0,62.126417338100936,0.0,2.290656126025881,0.0,41.77900569615756,0.0,14.853200190456766,0.0,0.11685745826586116,0.0,1.5348316869957594,0.0,37.46904282848353,0.0,26.713555616814773,0.0,62.126417338100936,0.0,2.290656126025881,0.0
61,-4.241889858237627e-17,1.0,-9.845373991958936e-17,0.9999999999999999,9.531159928385778e-17,0.9999999999999999,-5.090267829885151e-16,0.9999999999999999,0.0,0.9999999999999999,-3.194509646327101e-17,0.9999999999999997,2.0423914132255237e-17,1.0,-4.440892098500626e-16,0.9999999999999997,3.2146114539060036,8.35258526650772,1.211817025123153,3.672943276924827,-0.13194379292375194,0.8424262264772371,-0.3242141633626738,0.496988056924303,3.278984201479751,8.512465589241547,2.4864155995568997,6.561957436616248,5.483269085450533,13.929368343995911,-0.3025687028540053,0.32914233983837493,-0.12188834865585785,0.3940159940960751,-0.10252385903943029,0.6764152369584003,0.21197527387750323,2.7755575615628914e-17,0.3600068269998665,0.7727120044954907,-0.10355871664298623,0.43674744262205306,-0.1026156670611449,0.41557801792322324,-0.10378472241757138,0.48907189282447666,0.7253611290806037,1.7419015945457346,-0.058215287437417246,0.3689816177479845,0.1712384281485082,0.8831494102924478,0.08526824926651445,0.39167753564723146,-0.02554909984111743,0.8863708528600666,0.00872953685020445,0.5515814378557494,-0.0075380963932516094,0.5338157171411037,0.05714491143231053,0.6103393147531307,0.717066766233115,1.49733494699449
